{"events_by_date":{"05 Mar 2023":[0,0,0,0,0],"06 Mar 2023":[0,1,0,0,0],"07 Mar 2023":[0,1,0,0,0],"10 Mar 2023":[0,1,0,0,0],"14 Mar 2023":[21,1,0,0,0],"15 Mar 2023":[40,1,0,2,0],"16 Mar 2023":[38,1,0,4,0],"17 Mar 2023":[37,2,0,3,0],"18 Mar 2023":[22,0,0,2,0],"19 Mar 2023":[30,0,0,6,0],"20 Mar 2023":[38,1,1,4,0],"21 Mar 2023":[30,0,0,4,0],"22 Mar 2023":[35,0,0,2,0],"23 Mar 2023":[28,1,0,0,0],"24 Mar 2023":[28,0,0,0,0],"25 Mar 2023":[17,0,0,1,0],"26 Mar 2023":[30,0,0,1,0],"27 Mar 2023":[27,1,0,3,0],"28 Mar 2023":[31,0,0,0,0],"29 Mar 2023":[28,0,0,1,0],"30 Mar 2023":[34,0,0,2,0],"31 Mar 2023":[33,0,0,1,0],"01 Apr 2023":[30,0,0,2,0],"02 Apr 2023":[22,0,0,1,0],"03 Apr 2023":[23,0,0,1,0],"04 Apr 2023":[7,0,0,0,0]},"sg_visit_conversion_rate":6.74955595026643,"email_click_conversion_rate":0,"hw_conversion_rate":0,"ppg_conversion_rate":0,"sg_interaction_conversion_rate":6.713780918727916,"total_distinct_session_ids_count":568,"touchpoints":{"distinct_expand_events":"11","distinct_gridView_events":"563","distinct_shop_events":"2"},"total_assisted_orders":40,"total_assisted_sales_in_primary_currency":{"GBP":2040.16}}