{"events_by_date":{"14 May 2023":[0,0,0,0,0],"15 May 2023":[17,1,4,1,2],"16 May 2023":[22,2,5,0,2],"17 May 2023":[20,1,14,0,2],"18 May 2023":[15,0,6,2,1],"19 May 2023":[16,0,5,0,0],"20 May 2023":[16,0,6,3,1],"21 May 2023":[14,1,2,1,3],"22 May 2023":[23,1,4,0,0],"23 May 2023":[11,0,4,0,0],"24 May 2023":[14,1,7,1,1],"25 May 2023":[13,1,3,0,0],"26 May 2023":[17,0,3,1,0],"27 May 2023":[11,0,2,0,1],"28 May 2023":[10,1,7,0,0],"29 May 2023":[14,0,4,1,0],"30 May 2023":[12,2,6,2,1],"31 May 2023":[13,0,3,2,3],"01 Jun 2023":[16,0,5,0,0],"02 Jun 2023":[23,0,0,0,0],"03 Jun 2023":[14,3,1,1,8],"04 Jun 2023":[16,2,4,0,6],"05 Jun 2023":[25,5,2,1,29],"06 Jun 2023":[21,5,9,0,16],"07 Jun 2023":[17,1,0,0,6],"08 Jun 2023":[12,0,5,2,2],"09 Jun 2023":[14,0,5,0,1],"10 Jun 2023":[10,1,2,0,7],"11 Jun 2023":[21,1,3,1,3],"12 Jun 2023":[15,0,4,1,4],"13 Jun 2023":[33,1,3,1,6],"14 Jun 2023":[13,0,0,0,1]},"sg_visit_conversion_rate":1.2072434607645874,"email_click_conversion_rate":1.1111111111111112,"hw_conversion_rate":3.75,"ppg_conversion_rate":3.067484662576687,"sg_interaction_conversion_rate":1.1844331641285957,"total_distinct_session_ids_count":985,"touchpoints":{"distinct_expand_events":"96","distinct_gridView_events":"497","distinct_shop_events":"19"},"total_assisted_orders":22,"total_assisted_sales_in_primary_currency":{"GBP":1574.363}}