{"events_by_date":{"14 May 2023":[0,0,1,0,0],"15 May 2023":[49,16,3,7,0],"16 May 2023":[48,18,3,0,0],"17 May 2023":[42,15,6,5,0],"18 May 2023":[56,24,8,5,0],"19 May 2023":[33,15,9,3,0],"20 May 2023":[52,22,6,4,0],"21 May 2023":[50,20,5,2,0],"22 May 2023":[38,13,6,1,0],"23 May 2023":[43,15,7,7,0],"24 May 2023":[38,16,5,3,0],"25 May 2023":[47,14,6,8,0],"26 May 2023":[36,10,2,1,0],"27 May 2023":[30,8,4,0,0],"28 May 2023":[51,22,7,6,0],"29 May 2023":[33,9,4,1,0],"30 May 2023":[38,16,5,3,0],"31 May 2023":[44,22,9,5,0],"01 Jun 2023":[50,24,12,3,0],"02 Jun 2023":[51,19,7,1,0],"03 Jun 2023":[45,18,2,4,0],"04 Jun 2023":[55,22,6,7,0],"05 Jun 2023":[44,19,10,3,0],"06 Jun 2023":[51,23,6,6,0],"07 Jun 2023":[59,28,8,4,0],"08 Jun 2023":[63,21,7,7,0],"09 Jun 2023":[38,19,4,5,0],"10 Jun 2023":[41,13,2,0,0],"11 Jun 2023":[50,20,4,8,0],"12 Jun 2023":[48,16,53,1,0],"13 Jun 2023":[39,19,6,7,0],"14 Jun 2023":[11,3,2,0,0]},"sg_visit_conversion_rate":8.814102564102564,"email_click_conversion_rate":0,"hw_conversion_rate":0,"ppg_conversion_rate":0,"sg_interaction_conversion_rate":8.78594249201278,"total_distinct_session_ids_count":1319,"touchpoints":{"distinct_expand_events":"502","distinct_gridView_events":"1248","distinct_shop_events":"548"},"total_assisted_orders":122,"total_assisted_sales_in_primary_currency":{"GBP":18092.309999999998}}