{"events_by_date":{"14 May 2023":[0,0,0,0,0],"15 May 2023":[9,4,3,0,0],"16 May 2023":[11,1,1,0,0],"17 May 2023":[13,2,1,0,0],"18 May 2023":[6,1,0,0,0],"19 May 2023":[4,1,0,0,0],"20 May 2023":[11,7,5,0,0],"21 May 2023":[11,7,2,0,0],"22 May 2023":[8,3,0,0,0],"23 May 2023":[10,4,1,0,0],"24 May 2023":[16,6,1,1,0],"25 May 2023":[9,4,2,2,0],"26 May 2023":[10,4,1,0,0],"27 May 2023":[13,4,4,1,0],"28 May 2023":[16,7,1,0,0],"29 May 2023":[10,2,0,1,0],"30 May 2023":[9,4,1,0,0],"31 May 2023":[18,3,0,0,0],"01 Jun 2023":[7,2,0,1,0],"02 Jun 2023":[7,0,0,0,0],"03 Jun 2023":[13,3,0,1,0],"04 Jun 2023":[16,2,0,0,0],"05 Jun 2023":[14,2,2,0,0],"06 Jun 2023":[19,3,1,0,0],"07 Jun 2023":[29,3,1,0,0],"08 Jun 2023":[15,3,0,1,0],"09 Jun 2023":[11,4,3,1,0],"10 Jun 2023":[10,5,1,1,0],"11 Jun 2023":[12,4,2,1,0],"12 Jun 2023":[13,5,2,1,0],"13 Jun 2023":[11,3,0,0,0],"14 Jun 2023":[3,1,0,0,0]},"sg_visit_conversion_rate":1.675977653631285,"email_click_conversion_rate":0,"hw_conversion_rate":5,"ppg_conversion_rate":8.21917808219178,"sg_interaction_conversion_rate":1.6713091922005572,"total_distinct_session_ids_count":434,"touchpoints":{"distinct_expand_events":"107","distinct_gridView_events":"358","distinct_shop_events":"2"},"total_assisted_orders":14,"total_assisted_sales_in_primary_currency":{"GBP":2234.0499999999997}}