{"events_by_date":{"25 Apr 2023":[1,0,0,0,0],"26 Apr 2023":[195,16,8,2,0],"27 Apr 2023":[230,18,9,0,0],"28 Apr 2023":[395,30,16,1,0],"29 Apr 2023":[260,18,9,0,0],"30 Apr 2023":[260,16,10,1,0],"01 May 2023":[227,17,10,1,0],"02 May 2023":[139,10,5,0,0],"03 May 2023":[1,0,2,0,0],"04 May 2023":[1,0,2,2,0],"05 May 2023":[0,0,14,1,0],"06 May 2023":[1,0,21,1,0],"07 May 2023":[0,0,8,0,0],"08 May 2023":[0,0,4,1,0],"09 May 2023":[0,0,3,0,0],"10 May 2023":[0,0,3,0,0],"11 May 2023":[0,0,4,0,0],"12 May 2023":[0,0,12,0,0],"13 May 2023":[0,0,5,0,0],"14 May 2023":[0,0,3,0,0],"15 May 2023":[0,0,2,0,0],"16 May 2023":[0,0,3,0,0],"17 May 2023":[0,0,3,0,0],"18 May 2023":[0,0,4,0,0],"19 May 2023":[0,0,2,0,0],"20 May 2023":[1,0,3,0,0],"21 May 2023":[0,0,3,0,0],"22 May 2023":[0,0,3,0,0],"23 May 2023":[0,0,4,0,0],"24 May 2023":[0,0,3,0,0],"25 May 2023":[0,0,1,0,0]},"sg_visit_conversion_rate":0.509915014164306,"email_click_conversion_rate":0,"hw_conversion_rate":1.0101010101010102,"ppg_conversion_rate":0,"sg_interaction_conversion_rate":0.5064715813168261,"total_distinct_session_ids_count":1895,"touchpoints":{"distinct_expand_events":"141","distinct_gridView_events":"1765","distinct_shop_events":"29"},"total_assisted_orders":10,"total_assisted_sales_in_primary_currency":{"GBP":4791.52}}